-- phpMyAdmin SQL Dump
-- version 4.9.0.1
-- https://www.phpmyadmin.net/
--
-- Servidor: 127.0.0.1
-- Tiempo de generación: 12-05-2022 a las 23:42:10
-- Versión del servidor: 10.3.16-MariaDB
-- Versión de PHP: 7.1.30

SET SQL_MODE = "NO_AUTO_VALUE_ON_ZERO";
SET AUTOCOMMIT = 0;
START TRANSACTION;
SET time_zone = "+00:00";


/*!40101 SET @OLD_CHARACTER_SET_CLIENT=@@CHARACTER_SET_CLIENT */;
/*!40101 SET @OLD_CHARACTER_SET_RESULTS=@@CHARACTER_SET_RESULTS */;
/*!40101 SET @OLD_COLLATION_CONNECTION=@@COLLATION_CONNECTION */;
/*!40101 SET NAMES utf8mb4 */;

--
-- Base de datos: `preubat`
--

-- --------------------------------------------------------

--
-- Estructura de tabla para la tabla `areas`
--

CREATE TABLE `areas` (
  `id` int(11) NOT NULL,
  `nombre` varchar(255) NOT NULL
) ENGINE=InnoDB DEFAULT CHARSET=latin1;

--
-- Volcado de datos para la tabla `areas`
--

INSERT INTO `areas` (`id`, `nombre`) VALUES
(1, 'Administrativa y Financiera'),
(2, 'Ingeniería'),
(5, 'Desarrollo de Negocio'),
(6, 'Proyectos'),
(7, 'Servicios'),
(8, 'Calidad');

-- --------------------------------------------------------

--
-- Estructura de tabla para la tabla `empleado`
--

CREATE TABLE `empleado` (
  `id` int(11) NOT NULL,
  `nombre` varchar(255) NOT NULL,
  `email` varchar(255) NOT NULL,
  `sexo` char(1) NOT NULL,
  `area_id` int(11) NOT NULL,
  `boletin` int(11) DEFAULT NULL,
  `descripcion` text NOT NULL
) ENGINE=InnoDB DEFAULT CHARSET=latin1;

--
-- Volcado de datos para la tabla `empleado`
--

INSERT INTO `empleado` (`id`, `nombre`, `email`, `sexo`, `area_id`, `boletin`, `descripcion`) VALUES
(3, 'Pedro Pérezgg', 'pperez@example.co', 'M', 5, 0, 'Hola mundo'),
(4, 'Amalia Bayona', 'abayona@example.co', 'F', 8, 0, 'Para contactar a Amalia Bayona, puede escribir al correo electrónico abayona@example.co'),
(20, 'sdgsdf', 'ds@g.com', 'F', 8, 0, 'dsfdsfdsf'),
(23, 'dfgsdgsd', 'j@g.com', 'F', 8, 1, 'sdasdsa'),
(24, 'Sowil Alberto', 'sowil@gmail.com', 'F', 5, 1, 'Prueba 2');

-- --------------------------------------------------------

--
-- Estructura de tabla para la tabla `empleado_rol`
--

CREATE TABLE `empleado_rol` (
  `empleado_id` int(11) NOT NULL,
  `rol_id` int(11) NOT NULL
) ENGINE=InnoDB DEFAULT CHARSET=latin1;

--
-- Volcado de datos para la tabla `empleado_rol`
--

INSERT INTO `empleado_rol` (`empleado_id`, `rol_id`) VALUES
(4, 1),
(4, 2),
(20, 2),
(20, 6),
(20, 5),
(3, 2),
(24, 5),
(23, 3);

-- --------------------------------------------------------

--
-- Estructura de tabla para la tabla `roles`
--

CREATE TABLE `roles` (
  `id` int(11) NOT NULL,
  `nombre` varchar(255) NOT NULL
) ENGINE=InnoDB DEFAULT CHARSET=latin1;

--
-- Volcado de datos para la tabla `roles`
--

INSERT INTO `roles` (`id`, `nombre`) VALUES
(1, 'Desarrollador'),
(2, 'Analista'),
(3, 'Tester'),
(4, 'Diseñador'),
(5, 'Profesional PMO'),
(6, 'Profesional de servicios'),
(7, 'Auxiliar administrativo'),
(8, 'Codirector');

--
-- Índices para tablas volcadas
--

--
-- Indices de la tabla `areas`
--
ALTER TABLE `areas`
  ADD PRIMARY KEY (`id`);

--
-- Indices de la tabla `empleado`
--
ALTER TABLE `empleado`
  ADD PRIMARY KEY (`id`),
  ADD KEY `area_id` (`area_id`);

--
-- Indices de la tabla `empleado_rol`
--
ALTER TABLE `empleado_rol`
  ADD KEY `empleado_id` (`empleado_id`),
  ADD KEY `rol_id` (`rol_id`);

--
-- Indices de la tabla `roles`
--
ALTER TABLE `roles`
  ADD PRIMARY KEY (`id`);

--
-- AUTO_INCREMENT de las tablas volcadas
--

--
-- AUTO_INCREMENT de la tabla `areas`
--
ALTER TABLE `areas`
  MODIFY `id` int(11) NOT NULL AUTO_INCREMENT, AUTO_INCREMENT=9;

--
-- AUTO_INCREMENT de la tabla `empleado`
--
ALTER TABLE `empleado`
  MODIFY `id` int(11) NOT NULL AUTO_INCREMENT, AUTO_INCREMENT=25;

--
-- AUTO_INCREMENT de la tabla `roles`
--
ALTER TABLE `roles`
  MODIFY `id` int(11) NOT NULL AUTO_INCREMENT, AUTO_INCREMENT=9;

--
-- Restricciones para tablas volcadas
--

--
-- Filtros para la tabla `empleado`
--
ALTER TABLE `empleado`
  ADD CONSTRAINT `empleado_ibfk_1` FOREIGN KEY (`area_id`) REFERENCES `areas` (`id`) ON DELETE CASCADE ON UPDATE CASCADE;

--
-- Filtros para la tabla `empleado_rol`
--
ALTER TABLE `empleado_rol`
  ADD CONSTRAINT `empleado_rol_ibfk_1` FOREIGN KEY (`empleado_id`) REFERENCES `empleado` (`id`) ON DELETE CASCADE ON UPDATE CASCADE,
  ADD CONSTRAINT `empleado_rol_ibfk_2` FOREIGN KEY (`rol_id`) REFERENCES `roles` (`id`) ON DELETE CASCADE ON UPDATE CASCADE;
COMMIT;

/*!40101 SET CHARACTER_SET_CLIENT=@OLD_CHARACTER_SET_CLIENT */;
/*!40101 SET CHARACTER_SET_RESULTS=@OLD_CHARACTER_SET_RESULTS */;
/*!40101 SET COLLATION_CONNECTION=@OLD_COLLATION_CONNECTION */;
